AREA,SUB AREA,AGE GROUP,SEASON,WEEK,THRESHOLD,BASELINE,PERCENT P&I,NUM INFLUENZA DEATHS,NUM PNEUMONIA DEATHS,TOTAL DEATHS,PERCENT COMPLETE
National,,All,2018-19,40,5.8,5.5,5.7,10,"2,964","52,313",> 100%
National,,All,2018-19,41,5.9,5.6,5.5,12,"2,860","51,751",> 100%
National,,All,2018-19,42,6,5.6,5.7,18,"2,974","52,887",> 100%
National,,All,2018-19,43,6.1,5.7,5.7,24,"3,055","53,688",> 100%
National,,All,2018-19,44,6.2,5.8,5.6,24,"2,997","53,564",> 100%
National,,All,2018-19,45,6.3,5.9,5.7,30,"3,009","53,479",> 100%
National,,All,2018-19,46,6.4,6,5.8,26,"3,129","54,605",> 100%
National,,All,2018-19,47,6.5,6.1,5.8,31,"3,164","54,758",> 100%
National,,All,2018-19,48,6.6,6.2,6,37,"3,267","54,952",> 100%
National,,All,2018-19,49,6.7,6.4,6.1,54,"3,367","55,828",> 100%
National,,All,2018-19,50,6.8,6.4,6.4,50,"3,525","56,246",> 100%
National,,All,2018-19,51,6.9,6.5,6.3,88,"3,456","56,356",> 100%
National,,All,2018-19,52,7,6.6,6.7,137,"3,608","55,812",> 100%
National,,All,2018-19,1,7,6.7,7,205,"3,836","57,370",> 100%
National,,All,2018-19,2,7.1,6.8,7.3,248,"3,928","57,196",> 100%
National,,All,2018-19,3,7.2,6.8,7.4,230,"3,980","56,923",> 100%
National,,All,2018-19,4,7.2,6.9,7.1,260,"3,757","56,384",> 100%
National,,All,2018-19,5,7.3,6.9,7.2,313,"3,770","56,761",> 100%
National,,All,2018-19,6,7.3,6.9,7.2,344,"3,753","56,936",> 100%
National,,All,2018-19,7,7.3,7,7.4,446,"3,698","56,092",> 100%
National,,All,2018-19,8,7.3,7,7.6,423,"3,773","55,558",> 100%
National,,All,2018-19,9,7.3,6.9,7.3,469,"3,509","54,640",> 100%
National,,All,2018-19,10,7.3,6.9,7.1,493,"3,368","54,003",> 100%
National,,All,2018-19,11,7.2,6.9,7.5,431,"3,450","51,602",> 100%
National,,All,2018-19,12,7.2,6.8,7.4,410,"3,222","48,872",> 100%
National,,All,2018-19,13,7.1,6.8,7.1,354,"2,862","45,398",95.4%
National,,All,2018-19,14,7,6.7,6.6,193,"2,135","35,025",73.6%
National,,All,2017-18,40,6.1,5.7,5.8,16,"3,022","52,110",> 100%
National,,All,2017-18,41,6.2,5.8,5.9,18,"3,001","51,578",> 100%
National,,All,2017-18,42,6.3,5.9,6.1,28,"3,156","52,228",> 100%
National,,All,2017-18,43,6.3,6,6.3,23,"3,279","52,548",> 100%
National,,All,2017-18,44,6.4,6.1,6.1,36,"3,214","53,679",> 100%
National,,All,2017-18,45,6.5,6.2,6.1,45,"3,179","53,258",> 100%
National,,All,2017-18,46,6.6,6.3,6.3,50,"3,315","53,771",> 100%
National,,All,2017-18,47,6.8,6.4,6,48,"3,201","54,120",> 100%
National,,All,2017-18,48,6.9,6.5,6.5,83,"3,492","54,760",> 100%
National,,All,2017-18,49,7,6.6,6.6,118,"3,527","55,595",> 100%
National,,All,2017-18,50,7,6.7,6.8,165,"3,757","57,370",> 100%
National,,All,2017-18,51,7.1,6.8,7.3,359,"3,983","59,505",> 100%
National,,All,2017-18,52,7.2,6.9,8.3,670,"4,417","61,090",> 100%
National,,All,2017-18,1,7.3,6.9,9.6,"1,160","5,156","66,120",> 100%
National,,All,2017-18,2,7.3,7,10.5,"1,532","5,583","67,476",> 100%
National,,All,2017-18,3,7.4,7.1,10.9,"1,619","5,403","64,624",> 100%
National,,All,2017-18,4,7.4,7.1,10.5,"1,435","5,182","62,744",> 100%
National,,All,2017-18,5,7.5,7.1,10.2,"1,353","4,875","60,951",> 100%
National,,All,2017-18,6,7.5,7.1,9.7,"1,230","4,686","61,083",> 100%
National,,All,2017-18,7,7.5,7.1,9.6,"1,170","4,594","59,746",> 100%
National,,All,2017-18,8,7.5,7.1,9.2,886,"4,422","57,768",> 100%
National,,All,2017-18,9,7.5,7.1,8.4,733,"4,041","56,659",> 100%
National,,All,2017-18,10,7.4,7.1,8,506,"4,061","57,073",> 100%
National,,All,2017-18,11,7.4,7,7.6,439,"3,855","56,297",> 100%
National,,All,2017-18,12,7.3,7,7.4,345,"3,790","55,738",> 100%
National,,All,2017-18,13,7.2,6.9,7.4,282,"3,779","54,896",> 100%
National,,All,2017-18,14,7.2,6.8,7.2,296,"3,698","55,272",> 100%
National,,All,2017-18,15,7.1,6.7,6.9,213,"3,591","55,209",> 100%
National,,All,2017-18,16,7,6.6,6.6,153,"3,426","54,017",> 100%
National,,All,2017-18,17,6.9,6.5,6.5,117,"3,392","53,708",> 100%
National,,All,2017-18,18,6.8,6.4,6.1,106,"3,197","53,722",> 100%
National,,All,2017-18,19,6.7,6.3,5.9,52,"3,026","52,072",> 100%
National,,All,2017-18,20,6.6,6.2,5.9,43,"2,951","50,584",> 100%
National,,All,2017-18,21,6.4,6.1,5.8,25,"2,946","50,893",> 100%
National,,All,2017-18,22,6.3,6,5.7,26,"2,903","51,009",> 100%
National,,All,2017-18,23,6.2,5.9,5.6,14,"2,902","51,972",> 100%
National,,All,2017-18,24,6.1,5.8,5.7,14,"2,934","51,364",> 100%
National,,All,2017-18,25,6,5.7,5.6,6,"2,860","51,021",> 100%
National,,All,2017-18,26,5.9,5.6,5.6,9,"2,862","50,833",> 100%
National,,All,2017-18,27,5.8,5.5,5.4,10,"2,765","51,651",> 100%
National,,All,2017-18,28,5.8,5.4,5.4,5,"2,780","51,164",> 100%
National,,All,2017-18,29,5.7,5.4,5.4,8,"2,704","50,582",> 100%
National,,All,2017-18,30,5.7,5.3,5.4,13,"2,693","50,250",> 100%
National,,All,2017-18,31,5.6,5.3,5.3,4,"2,660","50,609",> 100%
National,,All,2017-18,32,5.6,5.3,5.3,10,"2,671","50,929",> 100%
National,,All,2017-18,33,5.6,5.2,5.2,5,"2,613","50,261",> 100%
National,,All,2017-18,34,5.6,5.2,5.4,10,"2,705","50,428",> 100%
National,,All,2017-18,35,5.6,5.2,5.2,6,"2,623","50,565",> 100%
National,,All,2017-18,36,5.6,5.3,5.5,6,"2,741","50,258",> 100%
National,,All,2017-18,37,5.6,5.3,5.4,9,"2,753","51,049",> 100%
National,,All,2017-18,38,5.7,5.3,5.5,11,"2,812","51,529",> 100%
National,,All,2017-18,39,5.7,5.4,5.5,14,"2,810","50,920",> 100%
National,,All,2016-17,40,6.3,6,5.9,18,"3,022","51,403",> 100%
National,,All,2016-17,41,6.4,6.1,6.1,11,"3,193","52,128",> 100%
National,,All,2016-17,42,6.5,6.2,6.2,7,"3,178","51,441",> 100%
National,,All,2016-17,43,6.6,6.3,6.1,17,"3,130","51,865",> 100%
National,,All,2016-17,44,6.7,6.4,6,16,"3,100","51,743",> 100%
National,,All,2016-17,45,6.8,6.5,6.1,19,"3,209","52,533",> 100%
National,,All,2016-17,46,6.9,6.6,6,7,"3,192","53,453",> 100%
National,,All,2016-17,47,7.1,6.7,6.2,22,"3,257","53,162",> 100%
National,,All,2016-17,48,7.2,6.8,6.5,34,"3,515","54,594",> 100%
National,,All,2016-17,49,7.3,6.9,6.6,33,"3,616","55,148",> 100%
National,,All,2016-17,50,7.4,7,6.8,46,"3,780","56,002",> 100%
National,,All,2016-17,51,7.5,7.1,6.8,92,"3,738","56,731",> 100%
National,,All,2016-17,52,7.5,7.2,7.4,157,"4,105","57,614",> 100%
National,,All,2016-17,1,7.6,7.2,8.1,289,"4,558","59,763",> 100%
National,,All,2016-17,2,7.7,7.3,8,368,"4,505","60,980",> 100%
National,,All,2016-17,3,7.7,7.4,8.4,373,"4,621","59,293",> 100%
National,,All,2016-17,4,7.8,7.4,8.3,367,"4,426","58,047",> 100%
National,,All,2016-17,5,7.8,7.4,8.2,351,"4,452","58,432",> 100%
National,,All,2016-17,6,7.8,7.5,8.2,419,"4,447","59,038",> 100%
National,,All,2016-17,7,7.8,7.5,8.5,545,"4,419","58,479",> 100%
National,,All,2016-17,8,7.8,7.4,8.5,605,"4,369","58,288",> 100%
National,,All,2016-17,9,7.8,7.4,8.4,534,"4,260","57,256",> 100%
National,,All,2016-17,10,7.7,7.4,8.2,472,"4,223","57,477",> 100%
National,,All,2016-17,11,7.7,7.3,7.9,376,"4,099","56,656",> 100%
National,,All,2016-17,12,7.6,7.3,7.7,319,"4,091","57,045",> 100%
National,,All,2016-17,13,7.6,7.2,7.6,333,"3,887","55,703",> 100%
National,,All,2016-17,14,7.5,7.1,7.4,266,"3,821","55,160",> 100%
National,,All,2016-17,15,7.4,7,7.3,208,"3,775","54,861",> 100%
National,,All,2016-17,16,7.3,6.9,6.9,162,"3,489","53,070",> 100%
National,,All,2016-17,17,7.2,6.8,6.7,90,"3,458","53,295",> 100%
National,,All,2016-17,18,7.1,6.7,6.4,63,"3,308","52,657",> 100%
National,,All,2016-17,19,6.9,6.6,6.3,50,"3,216","51,985",> 100%
National,,All,2016-17,20,6.8,6.5,6.2,53,"3,201","52,480",> 100%
National,,All,2016-17,21,6.7,6.4,6.1,24,"3,091","50,972",> 100%
National,,All,2016-17,22,6.6,6.2,5.9,23,"3,019","51,256",> 100%
National,,All,2016-17,23,6.5,6.1,6.1,17,"3,127","51,418",> 100%
National,,All,2016-17,24,6.4,6,6.1,19,"3,069","50,797",> 100%
National,,All,2016-17,25,6.3,5.9,5.9,15,"2,982","51,195",> 100%
National,,All,2016-17,26,6.2,5.8,5.9,10,"2,954","50,617",> 100%
National,,All,2016-17,27,6.1,5.7,5.6,18,"2,823","50,959",> 100%
National,,All,2016-17,28,6,5.7,6.1,4,"3,047","49,973",> 100%
National,,All,2016-17,29,6,5.6,5.5,10,"2,754","50,127",> 100%
National,,All,2016-17,30,5.9,5.6,5.8,3,"2,853","49,362",> 100%
National,,All,2016-17,31,5.9,5.5,5.4,4,"2,695","50,087",> 100%
National,,All,2016-17,32,5.8,5.5,5.4,6,"2,722","50,237",> 100%
National,,All,2016-17,33,5.8,5.5,5.4,11,"2,689","50,185",> 100%
National,,All,2016-17,34,5.8,5.5,5.6,7,"2,755","49,517",> 100%
National,,All,2016-17,35,5.8,5.5,5.4,7,"2,714","50,832",> 100%
National,,All,2016-17,36,5.9,5.5,5.6,12,"2,824","50,981",> 100%
National,,All,2016-17,37,5.9,5.5,5.9,7,"3,021","51,694",> 100%
National,,All,2016-17,38,6,5.6,5.8,16,"2,935","51,230",> 100%
National,,All,2016-17,39,6,5.7,5.7,19,"2,888","51,343",> 100%
National,,All,2015-16,40,6.6,6.2,6.3,14,"3,206","51,092",> 100%
National,,All,2015-16,41,6.7,6.3,6.3,7,"3,145","50,034",> 100%
National,,All,2015-16,42,6.8,6.4,6.4,16,"3,227","50,925",> 100%
National,,All,2015-16,43,6.9,6.5,6.3,17,"3,170","50,479",> 100%
National,,All,2015-16,44,7,6.6,6.6,20,"3,355","51,174",> 100%
National,,All,2015-16,45,7.1,6.7,6.4,14,"3,228","50,746",> 100%
National,,All,2015-16,46,7.2,6.8,6.5,13,"3,357","51,810",> 100%
National,,All,2015-16,47,7.3,6.9,6.5,14,"3,337","51,491",> 100%
National,,All,2015-16,48,7.4,7,6.7,22,"3,461","52,063",> 100%
National,,All,2015-16,49,7.5,7.1,6.6,20,"3,537","53,748",> 100%
National,,All,2015-16,50,7.6,7.2,6.7,26,"3,482","52,267",> 100%
National,,All,2015-16,51,7.7,7.3,6.7,15,"3,535","53,204",> 100%
National,,All,2015-16,52,7.8,7.4,7.5,31,"3,924","52,602",> 100%
National,,All,2015-16,1,7.9,7.5,7.7,32,"4,245","55,843",> 100%
National,,All,2015-16,2,8,7.6,7.8,30,"4,283","55,577",> 100%
National,,All,2015-16,3,8,7.6,7.4,36,"4,048","55,219",> 100%
National,,All,2015-16,4,8.1,7.7,7.5,50,"4,116","55,663",> 100%
National,,All,2015-16,5,8.1,7.7,7.5,61,"4,086","55,136",> 100%
National,,All,2015-16,6,8.1,7.7,7.4,93,"3,990","55,458",> 100%
National,,All,2015-16,7,8.1,7.7,7.5,149,"4,051","56,168",> 100%
National,,All,2015-16,8,8.1,7.7,8,187,"4,232","55,198",> 100%
National,,All,2015-16,9,8.1,7.7,8.1,257,"4,250","55,920",> 100%
National,,All,2015-16,10,8,7.6,8.1,294,"4,286","56,206",> 100%
National,,All,2015-16,11,8,7.6,8.3,351,"4,154","54,583",> 100%
National,,All,2015-16,12,7.9,7.5,8.2,295,"4,194","54,808",> 100%
National,,All,2015-16,13,7.8,7.4,7.7,282,"3,896","53,938",> 100%
National,,All,2015-16,14,7.7,7.4,7.8,250,"3,945","54,067",> 100%
National,,All,2015-16,15,7.6,7.3,7.6,196,"3,891","53,490",> 100%
National,,All,2015-16,16,7.5,7.2,7.2,148,"3,684","53,149",> 100%
National,,All,2015-16,17,7.4,7,6.9,127,"3,398","51,027",> 100%
National,,All,2015-16,18,7.3,6.9,6.8,91,"3,403","51,270",> 100%
National,,All,2015-16,19,7.2,6.8,6.5,74,"3,240","51,000",> 100%
National,,All,2015-16,20,7.1,6.7,6.6,34,"3,290","50,469",> 100%
National,,All,2015-16,21,6.9,6.6,6.4,30,"3,198","50,490",> 100%
National,,All,2015-16,22,6.8,6.4,6.1,17,"3,025","49,712",> 100%
National,,All,2015-16,23,6.7,6.3,6.4,17,"3,175","49,916",> 100%
National,,All,2015-16,24,6.6,6.2,5.9,18,"2,920","49,910",> 100%
National,,All,2015-16,25,6.5,6.1,5.8,12,"2,875","49,623",> 100%
National,,All,2015-16,26,6.4,6,5.9,10,"2,914","49,746",> 100%
National,,All,2015-16,27,6.3,5.9,5.9,10,"2,914","49,698",> 100%
National,,All,2015-16,28,6.2,5.9,5.9,6,"2,926","49,637",> 100%
National,,All,2015-16,29,6.2,5.8,5.6,5,"2,767","49,275",> 100%
National,,All,2015-16,30,6.1,5.8,5.7,5,"2,804","49,698",> 100%
National,,All,2015-16,31,6.1,5.7,5.8,2,"2,847","49,506",> 100%
National,,All,2015-16,32,6.1,5.7,5.7,2,"2,827","49,741",> 100%
National,,All,2015-16,33,6.1,5.7,5.8,5,"2,866","49,809",> 100%
National,,All,2015-16,34,6.1,5.7,5.7,6,"2,827","49,512",> 100%
National,,All,2015-16,35,6.1,5.7,5.8,5,"2,869","49,579",> 100%
National,,All,2015-16,36,6.1,5.7,5.8,5,"2,881","50,080",> 100%
National,,All,2015-16,37,6.1,5.8,6.2,8,"3,093","49,923",> 100%
National,,All,2015-16,38,6.2,5.8,6.1,9,"3,017","49,881",> 100%
National,,All,2015-16,39,6.3,5.9,6,11,"2,985","50,255",> 100%
National,,All,2014-15,40,6.6,6.2,6.4,6,"3,075","48,366",> 100%
National,,All,2014-15,41,6.7,6.3,6.4,8,"3,142","49,360",> 100%
National,,All,2014-15,42,6.8,6.4,6.3,13,"3,085","49,238",> 100%
National,,All,2014-15,43,6.9,6.5,6.5,11,"3,202","49,071",> 100%
National,,All,2014-15,44,7,6.6,6.5,17,"3,154","49,007",> 100%
National,,All,2014-15,45,7.1,6.8,6.3,11,"3,208","51,049",> 100%
National,,All,2014-15,46,7.3,6.9,6.4,18,"3,240","50,550",> 100%
National,,All,2014-15,47,7.4,7,6.5,31,"3,380","52,533",> 100%
National,,All,2014-15,48,7.5,7.1,6.7,46,"3,419","51,866",> 100%
National,,All,2014-15,49,7.6,7.2,7,83,"3,620","52,748",> 100%
National,,All,2014-15,50,7.7,7.3,7.4,169,"3,785","53,554",> 100%
National,,All,2014-15,51,7.8,7.4,8.1,312,"4,098","54,622",> 100%
National,,All,2014-15,52,7.9,7.5,8.5,512,"4,264","56,028",> 100%
National,,All,2014-15,53,8,7.6,10.2,"1,014","5,034","59,346",> 100%
National,,All,2014-15,1,8.1,7.7,10.8,"1,100","5,576","61,750",> 100%
National,,All,2014-15,2,8.2,7.8,10.7,983,"5,589","61,153",> 100%
National,,All,2014-15,3,8.2,7.8,10.1,711,"5,184","58,643",> 100%
National,,All,2014-15,4,8.3,7.9,9.5,586,"4,857","57,292",> 100%
National,,All,2014-15,5,8.3,7.9,9.1,484,"4,740","57,362",> 100%
National,,All,2014-15,6,8.3,7.9,8.8,405,"4,585","56,650",> 100%
National,,All,2014-15,7,8.3,7.9,8.4,285,"4,501","56,669",> 100%
National,,All,2014-15,8,8.3,7.9,8.5,221,"4,559","56,328",> 100%
National,,All,2014-15,9,8.3,7.9,8.4,190,"4,546","56,502",> 100%
National,,All,2014-15,10,8.2,7.8,8.3,159,"4,446","55,732",> 100%
National,,All,2014-15,11,8.2,7.8,8,139,"4,196","54,455",> 100%
National,,All,2014-15,12,8.1,7.7,7.5,121,"3,902","53,400",> 100%
National,,All,2014-15,13,8,7.6,7.4,99,"3,843","53,196",> 100%
National,,All,2014-15,14,7.9,7.5,7.5,100,"3,838","52,833",> 100%
National,,All,2014-15,15,7.8,7.4,7.6,75,"3,925","52,869",> 100%
National,,All,2014-15,16,7.7,7.3,7.5,63,"3,807","51,615",> 100%
National,,All,2014-15,17,7.6,7.2,7.2,50,"3,652","51,477",> 100%
National,,All,2014-15,18,7.5,7.1,6.9,28,"3,550","51,683",> 100%
National,,All,2014-15,19,7.4,7,6.9,22,"3,475","50,710",> 100%
National,,All,2014-15,20,7.2,6.9,6.6,14,"3,240","49,386",> 100%
National,,All,2014-15,21,7.1,6.7,6.8,18,"3,373","49,842",> 100%
National,,All,2014-15,22,7,6.6,6.5,10,"3,198","49,258",> 100%
National,,All,2014-15,23,6.9,6.5,6.5,11,"3,214","49,805",> 100%
National,,All,2014-15,24,6.8,6.4,6.4,6,"3,150","49,112",> 100%
National,,All,2014-15,25,6.7,6.3,6.5,4,"3,198","49,068",> 100%
National,,All,2014-15,26,6.6,6.2,6.3,6,"3,112","49,238",> 100%
National,,All,2014-15,27,6.5,6.1,6.3,7,"3,081","48,946",> 100%
National,,All,2014-15,28,6.4,6,6.2,7,"3,032","49,254",> 100%
National,,All,2014-15,29,6.4,6,6.2,3,"3,009","48,646",> 100%
National,,All,2014-15,30,6.3,5.9,6,4,"2,917","48,698",> 100%
National,,All,2014-15,31,6.3,5.9,6.1,4,"2,948","48,313",> 100%
National,,All,2014-15,32,6.2,5.9,5.9,8,"2,842","48,186",> 100%
National,,All,2014-15,33,6.2,5.8,6.1,6,"2,935","48,460",> 100%
National,,All,2014-15,34,6.2,5.9,6,5,"2,906","48,515",> 100%
National,,All,2014-15,35,6.3,5.9,6,3,"2,941","48,754",> 100%
National,,All,2014-15,36,6.3,5.9,6,3,"2,949","48,807",> 100%
National,,All,2014-15,37,6.3,6,6.2,6,"3,013","48,967",> 100%
National,,All,2014-15,38,6.4,6,6.2,8,"3,051","49,297",> 100%
National,,All,2014-15,39,6.5,6.1,6.3,6,"3,060","48,883",> 100%
National,,All,2013-14,40,6.8,6.4,6.6,3,"3,140","47,492",99.8%
National,,All,2013-14,41,6.9,6.5,6.7,12,"3,135","47,304",99.4%
National,,All,2013-14,42,7,6.6,6.8,11,"3,216","47,602",> 100%
National,,All,2013-14,43,7.1,6.7,6.6,11,"3,151","47,746",> 100%
National,,All,2013-14,44,7.2,6.8,6.7,12,"3,271","48,777",> 100%
National,,All,2013-14,45,7.3,6.9,7,17,"3,429","48,939",> 100%
National,,All,2013-14,46,7.4,7,6.7,15,"3,320","49,409",> 100%
National,,All,2013-14,47,7.5,7.1,7,28,"3,430","49,591",> 100%
National,,All,2013-14,48,7.7,7.3,6.9,33,"3,385","49,288",> 100%
National,,All,2013-14,49,7.8,7.4,7.2,42,"3,594","50,812",> 100%
National,,All,2013-14,50,7.9,7.5,7.6,68,"3,856","51,848",> 100%
National,,All,2013-14,51,8,7.6,7.7,107,"3,917","52,548",> 100%
National,,All,2013-14,52,8.1,7.7,8,207,"3,942","51,954",> 100%
National,,All,2013-14,1,8.2,7.8,9.1,351,"4,512","53,539",> 100%
National,,All,2013-14,2,8.3,7.9,9.8,461,"4,999","55,822",> 100%
National,,All,2013-14,3,8.4,7.9,10,474,"5,005","54,588",> 100%
National,,All,2013-14,4,8.4,8,9.7,442,"4,783","54,097",> 100%
National,,All,2013-14,5,8.4,8,9.3,385,"4,623","53,968",> 100%
National,,All,2013-14,6,8.5,8.1,9,315,"4,476","53,408",> 100%
National,,All,2013-14,7,8.5,8.1,8.6,271,"4,385","53,834",> 100%
National,,All,2013-14,8,8.5,8.1,8,209,"3,990","52,673",> 100%
National,,All,2013-14,9,8.5,8.1,7.8,161,"3,868","51,695",> 100%
National,,All,2013-14,10,8.4,8,8,125,"4,048","52,065",> 100%
National,,All,2013-14,11,8.4,8,7.8,93,"3,942","51,787",> 100%
National,,All,2013-14,12,8.3,7.9,7.6,74,"3,834","51,399",> 100%
National,,All,2013-14,13,8.3,7.9,7.6,65,"3,797","50,888",> 100%
National,,All,2013-14,14,8.2,7.8,7.6,55,"3,824","50,888",> 100%
National,,All,2013-14,15,8.1,7.7,7.5,74,"3,730","50,731",> 100%
National,,All,2013-14,16,8,7.6,7.3,55,"3,595","49,929",> 100%
National,,All,2013-14,17,7.9,7.5,7.1,54,"3,498","49,915",> 100%
National,,All,2013-14,18,7.7,7.3,7.1,53,"3,490","49,677",> 100%
National,,All,2013-14,19,7.6,7.2,7.1,39,"3,512","50,330",> 100%
National,,All,2013-14,20,7.5,7.1,6.8,27,"3,222","47,939",> 100%
National,,All,2013-14,21,7.4,7,6.7,24,"3,242","48,608",> 100%
National,,All,2013-14,22,7.2,6.8,6.5,15,"3,140","48,176",> 100%
National,,All,2013-14,23,7.1,6.7,6.8,20,"3,220","47,792",> 100%
National,,All,2013-14,24,7,6.6,6.8,15,"3,222","47,839",> 100%
National,,All,2013-14,25,6.9,6.5,6.5,7,"3,077","47,618",> 100%
National,,All,2013-14,26,6.8,6.4,6.3,3,"2,998","47,461",99.8%
National,,All,2013-14,27,6.7,6.3,6.3,6,"3,000","47,435",99.7%
National,,All,2013-14,28,6.6,6.2,6.3,4,"2,988","47,473",99.8%
National,,All,2013-14,29,6.5,6.1,6.2,7,"2,944","47,244",99.3%
National,,All,2013-14,30,6.5,6.1,6.3,3,"2,985","47,159",99.1%
National,,All,2013-14,31,6.4,6,6.2,5,"2,923","46,994",98.8%
National,,All,2013-14,32,6.4,6,6,1,"2,842","47,078",98.9%
National,,All,2013-14,33,6.4,6,6.1,5,"2,869","46,752",98.3%
National,,All,2013-14,34,6.4,6,6.2,6,"2,877","46,778",98.3%
National,,All,2013-14,35,6.4,6,6.1,5,"2,825","46,663",98.1%
National,,All,2013-14,36,6.4,6,6.2,1,"2,966","47,473",99.8%
National,,All,2013-14,37,6.4,6,6.1,4,"2,881","46,971",98.7%
National,,All,2013-14,38,6.5,6.1,6.2,6,"2,990","48,082",> 100%
National,,All,2013-14,39,6.6,6.2,6.2,6,"3,017","48,421",> 100%
National,,All,2012-13,40,7,6.7,6.7,5,"3,210","47,901",> 100%
National,,All,2012-13,41,7.1,6.8,6.9,6,"3,315","48,027",> 100%
National,,All,2012-13,42,7.2,6.9,7,7,"3,382","48,747",> 100%
National,,All,2012-13,43,7.3,7,7.1,6,"3,376","47,723",> 100%
National,,All,2012-13,44,7.4,7.1,6.8,3,"3,349","48,947",> 100%
National,,All,2012-13,45,7.5,7.2,6.9,9,"3,434","49,989",> 100%
National,,All,2012-13,46,7.6,7.3,7.1,20,"3,495","49,730",> 100%
National,,All,2012-13,47,7.8,7.4,7,19,"3,430","49,399",> 100%
National,,All,2012-13,48,7.9,7.5,7.6,31,"3,807","50,628",> 100%
National,,All,2012-13,49,8,7.6,7.7,64,"3,940","51,801",> 100%
National,,All,2012-13,50,8.1,7.7,7.9,97,"3,959","51,361",> 100%
National,,All,2012-13,51,8.2,7.8,8.3,144,"4,208","52,711",> 100%
National,,All,2012-13,52,8.3,7.9,9,232,"4,705","54,934",> 100%
National,,All,2012-13,1,8.4,8,10.2,409,"5,599","59,115",> 100%
National,,All,2012-13,2,8.4,8.1,11.1,653,"6,065","60,795",> 100%
National,,All,2012-13,3,8.5,8.1,11.1,633,"5,938","59,168",> 100%
National,,All,2012-13,4,8.5,8.2,10.6,502,"5,646","57,852",> 100%
National,,All,2012-13,5,8.6,8.2,10.1,392,"5,284","56,349",> 100%
National,,All,2012-13,6,8.6,8.2,9.5,268,"5,020","55,688",> 100%
National,,All,2012-13,7,8.6,8.3,9.4,209,"4,885","54,422",> 100%
National,,All,2012-13,8,8.6,8.3,8.9,167,"4,580","53,472",> 100%
National,,All,2012-13,9,8.6,8.2,8.7,148,"4,485","53,057",> 100%
National,,All,2012-13,10,8.6,8.2,8.5,103,"4,417","53,335",> 100%
National,,All,2012-13,11,8.5,8.2,8.5,109,"4,403","53,019",> 100%
National,,All,2012-13,12,8.5,8.1,8.2,83,"4,184","52,069",> 100%
National,,All,2012-13,13,8.4,8,8.2,56,"4,179","51,793",> 100%
National,,All,2012-13,14,8.3,8,8,50,"4,051","51,330",> 100%
National,,All,2012-13,15,8.2,7.9,7.8,35,"3,937","50,853",> 100%
National,,All,2012-13,16,8.1,7.8,7.8,22,"3,826","49,539",> 100%
National,,All,2012-13,17,8,7.7,7.5,27,"3,585","48,353",> 100%
National,,All,2012-13,18,7.9,7.5,7.3,10,"3,504","48,368",> 100%
National,,All,2012-13,19,7.8,7.4,7.1,11,"3,393","47,914",> 100%
National,,All,2012-13,20,7.7,7.3,7,4,"3,313","47,343",99.5%
National,,All,2012-13,21,7.6,7.2,6.9,12,"3,248","47,294",99.4%
National,,All,2012-13,22,7.4,7.1,6.5,3,"3,040","46,598",97.9%
National,,All,2012-13,23,7.3,7,7.1,8,"3,342","46,977",98.7%
National,,All,2012-13,24,7.2,6.8,7,6,"3,271","46,532",97.8%
National,,All,2012-13,25,7.1,6.7,6.7,4,"3,123","46,449",97.6%
National,,All,2012-13,26,7,6.6,6.6,2,"3,055","46,383",97.5%
National,,All,2012-13,27,6.9,6.6,6.4,5,"2,976","46,638",98%
National,,All,2012-13,28,6.8,6.5,6.6,2,"3,035","45,767",96.2%
National,,All,2012-13,29,6.8,6.4,6.6,7,"3,041","46,130",97%
National,,All,2012-13,30,6.7,6.3,6.2,5,"2,866","46,173",97%
National,,All,2012-13,31,6.7,6.3,6.4,7,"2,929","46,142",97%
National,,All,2012-13,32,6.6,6.3,6.5,3,"2,976","46,009",96.7%
National,,All,2012-13,33,6.6,6.2,6.5,3,"2,996","45,828",96.3%
National,,All,2012-13,34,6.6,6.2,6.5,4,"2,970","46,003",96.7%
National,,All,2012-13,35,6.6,6.2,6.3,6,"2,891","46,270",97.2%
National,,All,2012-13,36,6.6,6.3,6.3,1,"2,858","45,581",95.8%
National,,All,2012-13,37,6.7,6.3,6.5,7,"2,983","46,188",97.1%
National,,All,2012-13,38,6.7,6.4,6.5,4,"3,027","46,555",97.8%
National,,All,2012-13,39,6.8,6.4,6.5,11,"3,043","46,654",98.1%
National,,All,2011-12,40,7.2,6.9,7,4,"3,257","46,782",98.3%
National,,All,2011-12,41,7.3,7,7.3,5,"3,402","46,796",98.4%
National,,All,2011-12,42,7.4,7.1,7.1,5,"3,317","46,921",98.6%
National,,All,2011-12,43,7.5,7.2,7.2,4,"3,381","47,095",99%
National,,All,2011-12,44,7.6,7.3,7.3,8,"3,494","48,153",> 100%
National,,All,2011-12,45,7.7,7.4,7.5,6,"3,662","48,639",> 100%
National,,All,2011-12,46,7.8,7.5,7.6,2,"3,636","48,090",> 100%
National,,All,2011-12,47,7.9,7.6,7.5,8,"3,546","47,240",99.3%
National,,All,2011-12,48,8,7.7,7.7,8,"3,642","47,599",> 100%
National,,All,2011-12,49,8.1,7.8,7.7,1,"3,741","48,733",> 100%
National,,All,2011-12,50,8.2,7.9,7.9,8,"3,849","49,104",> 100%
National,,All,2011-12,51,8.3,8,7.8,8,"3,828","49,374",> 100%
National,,All,2011-12,52,8.4,8.1,8,10,"3,970","49,955",> 100%
National,,All,2011-12,1,8.5,8.2,8.5,10,"4,323","51,102",> 100%
National,,All,2011-12,2,8.6,8.2,8.3,7,"4,245","50,962",> 100%
National,,All,2011-12,3,8.6,8.3,8.4,9,"4,261","51,010",> 100%
National,,All,2011-12,4,8.7,8.3,8.4,11,"4,227","50,163",> 100%
National,,All,2011-12,5,8.7,8.3,8.1,9,"4,026","49,568",> 100%
National,,All,2011-12,6,8.7,8.4,8.1,19,"4,024","49,854",> 100%
National,,All,2011-12,7,8.7,8.4,8.2,15,"4,129","50,662",> 100%
National,,All,2011-12,8,8.7,8.4,8.3,29,"4,191","50,892",> 100%
National,,All,2011-12,9,8.7,8.3,8.4,43,"4,234","50,879",> 100%
National,,All,2011-12,10,8.6,8.3,8.7,59,"4,346","50,740",> 100%
National,,All,2011-12,11,8.6,8.2,8.6,62,"4,288","50,744",> 100%
National,,All,2011-12,12,8.5,8.2,8.3,57,"4,060","49,308",> 100%
National,,All,2011-12,13,8.4,8.1,8,55,"3,796","48,287",> 100%
National,,All,2011-12,14,8.4,8,8,48,"3,829","48,391",> 100%
National,,All,2011-12,15,8.3,7.9,7.7,23,"3,758","49,064",> 100%
National,,All,2011-12,16,8.2,7.8,7.6,37,"3,690","48,896",> 100%
National,,All,2011-12,17,8.1,7.7,7.5,37,"3,573","48,103",> 100%
National,,All,2011-12,18,8,7.6,7.4,27,"3,527","47,784",> 100%
National,,All,2011-12,19,7.8,7.5,7.2,15,"3,330","46,723",98.2%
National,,All,2011-12,20,7.7,7.4,7.1,16,"3,329","46,996",98.8%
National,,All,2011-12,21,7.6,7.3,7.1,13,"3,290","46,755",98.3%
National,,All,2011-12,22,7.5,7.2,6.8,8,"3,138","46,026",96.7%
National,,All,2011-12,23,7.4,7.1,6.6,9,"3,068","46,349",97.4%
National,,All,2011-12,24,7.3,7,6.7,4,"3,153","46,788",98.3%
National,,All,2011-12,25,7.2,6.9,6.8,2,"3,147","46,128",96.9%
National,,All,2011-12,26,7.1,6.8,6.9,3,"3,159","46,077",96.8%
National,,All,2011-12,27,7,6.7,6.4,6,"3,004","46,688",98.1%
National,,All,2011-12,28,7,6.6,6.6,2,"3,033","45,930",96.5%
National,,All,2011-12,29,6.9,6.6,6.6,1,"3,011","45,935",96.5%
National,,All,2011-12,30,6.9,6.5,6.3,1,"2,889","45,654",96%
National,,All,2011-12,31,6.8,6.5,6.6,1,"3,039","45,920",96.5%
National,,All,2011-12,32,6.8,6.5,6.6,5,"3,040","46,344",97.4%
National,,All,2011-12,33,6.8,6.5,6.6,4,"3,018","45,904",96.5%
National,,All,2011-12,34,6.8,6.5,6.4,4,"2,964","46,193",97.1%
National,,All,2011-12,35,6.8,6.5,6.5,5,"3,017","46,322",97.4%
National,,All,2011-12,36,6.8,6.5,6.7,2,"3,109","46,658",98.1%
National,,All,2011-12,37,6.9,6.5,6.8,0,"3,160","46,301",97.3%
National,,All,2011-12,38,6.9,6.6,6.7,1,"3,120","46,413",97.5%
National,,All,2011-12,39,7,6.7,6.8,2,"3,217","47,443",99.7%
National,,All,2010-11,40,7.5,7.2,7,5,"3,258","46,550",97.8%
National,,All,2010-11,41,7.6,7.3,7.4,7,"3,456","46,530",97.8%
National,,All,2010-11,42,7.7,7.4,7.3,3,"3,423","47,054",98.9%
National,,All,2010-11,43,7.8,7.5,7.5,5,"3,497","46,538",97.8%
National,,All,2010-11,44,7.9,7.6,7.4,5,"3,501","47,381",99.6%
National,,All,2010-11,45,8,7.7,7.5,3,"3,605","48,357",> 100%
National,,All,2010-11,46,8.1,7.8,7.4,9,"3,540","48,101",> 100%
National,,All,2010-11,47,8.3,7.9,7.6,13,"3,606","47,719",> 100%
National,,All,2010-11,48,8.4,8,7.9,9,"3,854","48,853",> 100%
National,,All,2010-11,49,8.5,8.1,7.6,13,"3,826","50,255",> 100%
National,,All,2010-11,50,8.6,8.2,7.9,12,"4,024","51,166",> 100%
National,,All,2010-11,51,8.7,8.3,8.1,18,"4,093","50,853",> 100%
National,,All,2010-11,52,8.8,8.4,8.7,30,"4,565","52,628",> 100%
National,,All,2010-11,1,8.8,8.5,9.1,53,"4,766","53,109",> 100%
National,,All,2010-11,2,8.9,8.6,9.1,65,"4,700","52,613",> 100%
National,,All,2010-11,3,9,8.6,9.1,67,"4,702","52,465",> 100%
National,,All,2010-11,4,9,8.7,9.3,88,"4,801","52,320",> 100%
National,,All,2010-11,5,9,8.7,9.2,106,"4,692","52,110",> 100%
National,,All,2010-11,6,9,8.7,9.3,150,"4,744","52,827",> 100%
National,,All,2010-11,7,9,8.7,9.6,192,"4,961","53,431",> 100%
National,,All,2010-11,8,9,8.7,9.9,173,"4,982","52,178",> 100%
National,,All,2010-11,9,9,8.7,9.6,183,"4,807","52,184",> 100%
National,,All,2010-11,10,9,8.6,9.4,165,"4,723","51,770",> 100%
National,,All,2010-11,11,8.9,8.6,9.1,147,"4,487","50,752",> 100%
National,,All,2010-11,12,8.9,8.5,8.9,94,"4,326","49,758",> 100%
National,,All,2010-11,13,8.8,8.4,8.6,79,"4,182","49,442",> 100%
National,,All,2010-11,14,8.7,8.3,8.3,75,"4,054","49,774",> 100%
National,,All,2010-11,15,8.6,8.2,8.3,47,"3,958","48,279",> 100%
National,,All,2010-11,16,8.5,8.1,8.2,32,"3,891","47,947",> 100%
National,,All,2010-11,17,8.4,8,7.8,13,"3,692","47,521",99.9%
National,,All,2010-11,18,8.3,7.9,7.9,20,"3,745","47,366",99.6%
National,,All,2010-11,19,8.1,7.8,7.9,3,"3,735","47,464",99.8%
National,,All,2010-11,20,8,7.7,7.7,7,"3,575","46,635",98%
National,,All,2010-11,21,7.9,7.6,7.6,5,"3,543","46,604",97.9%
National,,All,2010-11,22,7.8,7.4,7.6,5,"3,493","46,256",97.2%
National,,All,2010-11,23,7.7,7.3,7.4,3,"3,457","46,534",97.8%
National,,All,2010-11,24,7.6,7.2,7.3,5,"3,333","45,983",96.6%
National,,All,2010-11,25,7.4,7.1,7.3,2,"3,328","45,729",96.1%
National,,All,2010-11,26,7.4,7,7.3,3,"3,346","45,955",96.6%
National,,All,2010-11,27,7.3,6.9,7,1,"3,189","45,678",96%
National,,All,2010-11,28,7.2,6.8,6.9,2,"3,146","45,311",95.2%
National,,All,2010-11,29,7.1,6.8,7,3,"3,184","45,694",96%
National,,All,2010-11,30,7.1,6.7,6.7,3,"2,990","44,984",94.5%
National,,All,2010-11,31,7,6.7,6.6,1,"3,002","45,687",96%
National,,All,2010-11,32,7,6.7,6.7,2,"3,024","45,269",95.1%
National,,All,2010-11,33,7,6.6,6.6,1,"2,980","44,994",94.6%
National,,All,2010-11,34,7,6.6,6.8,3,"3,061","44,901",94.4%
National,,All,2010-11,35,7,6.7,6.7,4,"3,068","45,515",95.7%
National,,All,2010-11,36,7,6.7,6.7,2,"3,000","45,120",94.8%
National,,All,2010-11,37,7.1,6.7,6.7,2,"3,036","45,087",94.8%
National,,All,2010-11,38,7.1,6.8,7,1,"3,200","46,015",96.7%
National,,All,2010-11,39,7.2,6.9,7,1,"3,162","45,379",95.4%
